spec,geovar,term,coef,se,stat,p,n,collin,err,palier,mesure
spec1,polyarchy_dist,polyarchy_dist,-0.444418813756385,0.0474900557609011,-9.35814470283856,8.71462495419944e-21,616424,"","",D,polyarchy_dist
spec1,ipd,ipd,-0.069472638576642,0.0149176013995329,-4.65709176133485,3.22209092863148e-06,616424,"","",D,polyarchy_dist
spec2,polyarchy_dist,polyarchy_dist,0.128873031285661,0.0895056166082909,1.43983178005081,0.14991499760958,802186,"","",D,polyarchy_dist
spec2,ipd,ipd,0.0354961569177244,0.0297321365895711,1.1938649888409,0.232530784819462,802186,"","",D,polyarchy_dist
spec3,polyarchy_dist,polyarchy_dist,0.148257900306543,0.0902299194050879,1.64311240976441,0.100359677738807,828836,"","",D,polyarchy_dist
spec3,ipd,ipd,0.0514799366817125,0.0324156033992467,1.58812211661341,0.112258728071302,828836,"","",D,polyarchy_dist
spec4,polyarchy_dist,polyarchy_dist,-0.0407634379221788,0.0617035969462836,-0.66063309012059,0.508847642827654,805994,"","",D,polyarchy_dist
spec4,ipd,ipd,-0.0668724231568772,0.0319632812311911,-2.09216390123365,0.036423856482205,805994,"","",D,polyarchy_dist
spec5,polyarchy_dist,polyarchy_dist,-0.0407634379221788,0.0685332116005424,-0.594798302460644,0.551978302422737,805994,"","",D,polyarchy_dist
spec5,ipd,ipd,-0.0668724231568772,0.0401584187805105,-1.6652155435296,0.0958697610058646,805994,"","",D,polyarchy_dist
spec6,polyarchy_dist,polyarchy_dist,-0.219350660546044,0.148189367686671,-1.48020511842547,0.138818514896177,649836,"","",D,polyarchy_dist
spec6,ipd,ipd,-0.0128686423606829,0.0440872926305534,-0.29189005704026,0.770370685950035,649836,"","",D,polyarchy_dist
spec7,polyarchy_dist,polyarchy_dist,-0.0270289514043892,0.0634286220024901,-0.426131776965422,0.670011826306195,805701,"","",D,polyarchy_dist
spec7,ipd,ipd,-0.073444470345654,0.0324124964324511,-2.26593068814416,0.0234556273272156,805701,"","",D,polyarchy_dist
spec8,polyarchy_dist,pair_nato::non:polyarchy_dist,-0.023987705861708,0.0803430229172403,-0.298566135436766,0.765271107464105,805994,"","",D,polyarchy_dist
spec8,polyarchy_dist,pair_nato::inter:polyarchy_dist,-0.0832744451438103,0.0801300348752651,-1.0392413440658,0.298692506715613,805994,"","",D,polyarchy_dist
spec8,polyarchy_dist,pair_nato::intra:polyarchy_dist,0.014238094341776,0.109901020217972,0.129553795893221,0.89691946059692,805994,"","",D,polyarchy_dist
spec8,ipd,pair_nato::non:ipd,-0.0425312750002256,0.0413336716774148,-1.02897403676493,0.303491875438473,805994,"","",D,polyarchy_dist
spec8,ipd,pair_nato::inter:ipd,-0.0573616812502959,0.0378734173567291,-1.5145631224668,0.129883077124368,805994,"","",D,polyarchy_dist
spec8,ipd,pair_nato::intra:ipd,-0.153681412104896,0.0433055624762354,-3.54876841027595,0.000387037317214101,805994,"","",D,polyarchy_dist
spec9,polyarchy_dist,pair_nato::non:polyarchy_dist,-0.567213987965999,0.18217814242017,-3.1135128530282,0.00184874457330055,649836,"","",D,polyarchy_dist
spec9,polyarchy_dist,pair_nato::inter:polyarchy_dist,-0.114049206370469,0.1663238317178,-0.685705741579925,0.492898685411099,649836,"","",D,polyarchy_dist
spec9,polyarchy_dist,pair_nato::intra:polyarchy_dist,0.79012993657959,0.373747355686623,2.11407498824445,0.0345088630635078,649836,"","",D,polyarchy_dist
spec9,ipd,pair_nato::non:ipd,-0.00459820326467302,0.0619731617000409,-0.0741966867356064,0.940853882188189,649836,"","",D,polyarchy_dist
spec9,ipd,pair_nato::inter:ipd,-0.0158030189489194,0.0522351750732871,-0.302535962150934,0.762243523201444,649836,"","",D,polyarchy_dist
spec9,ipd,pair_nato::intra:ipd,-0.0210141421244483,0.0715825592701997,-0.293565113327775,0.769090237215821,649836,"","",D,polyarchy_dist
spec10,polyarchy_dist,period::1995-2007:polyarchy_dist,0.202602409259889,0.0676810962958155,2.99348592662226,0.00275810228537375,805994,"","",D,polyarchy_dist
spec10,polyarchy_dist,period::2008-2013:polyarchy_dist,0.146547782594695,0.0651109508312674,2.25073940287661,0.0244020475563172,805994,"","",D,polyarchy_dist
spec10,polyarchy_dist,period::2014-2017:polyarchy_dist,-0.013812660149736,0.0586774383330416,-0.23539984945045,0.813898402912347,805994,"","",D,polyarchy_dist
spec10,polyarchy_dist,period::2018-2021:polyarchy_dist,-0.145451371214679,0.0609775086371456,-2.38532820486658,0.0170638902017746,805994,"","",D,polyarchy_dist
spec10,polyarchy_dist,period::2022-2024:polyarchy_dist,-0.343372832867904,0.0864470466411766,-3.97205973146974,7.12538465206654e-05,805994,"","",D,polyarchy_dist
spec10,ipd,period::1995-2007:ipd,0.000727976648433286,0.0255717690352584,0.0284679815240608,0.977288904716402,805994,"","",D,polyarchy_dist
spec10,ipd,period::2008-2013:ipd,-0.0405095896420686,0.0240962177469107,-1.68115967690665,0.0927319034275173,805994,"","",D,polyarchy_dist
spec10,ipd,period::2014-2017:ipd,-0.0947519082085675,0.0243614551464257,-3.88941906955297,0.000100484470786779,805994,"","",D,polyarchy_dist
spec10,ipd,period::2018-2021:ipd,-0.144688409088023,0.0269232814270028,-5.37410008807126,7.69660990420443e-08,805994,"","",D,polyarchy_dist
spec10,ipd,period::2022-2024:ipd,-0.213276954244014,0.0369214165847327,-5.77651059933075,7.62657001279867e-09,805994,"","",D,polyarchy_dist
rob1,polyarchy_dist,polyarchy_dist,-0.329479909888651,0.124925206454549,-2.63741737347878,0.00835399745171435,805994,"","",D,polyarchy_dist
rob1,polyarchy_dist,I(polyarchy_dist^2),0.439985434908098,0.190336901098693,2.31161394542175,0.0207989674423446,805994,"","",D,polyarchy_dist
rob1,ipd,ipd,-0.138953112709765,0.0404089818073613,-3.43866899126995,0.000584581544264251,805994,"","",D,polyarchy_dist
rob1,ipd,I(ipd^2),0.0290409446792204,0.00920812286819017,3.15383983195353,0.00161137496889763,805994,"","",D,polyarchy_dist
rob2,polyarchy_dist,polyarchy_dist,-0.0408429186167002,0.0621483500373658,-0.657184279102246,0.511062432801085,645311,"","",D,polyarchy_dist
rob2,ipd,ipd,-0.0677427498225155,0.0321371581853265,-2.10792595387125,0.0350373948425591,645311,"","",D,polyarchy_dist
rob3,polyarchy_dist,polyarchy_dist,-0.0636007766191779,0.0655963791318028,-0.969577550788054,0.33225710732112,639523,"","",D,polyarchy_dist
rob3,ipd,ipd,-0.123411816446422,0.0373425218690294,-3.30486025767786,0.000950237656375126,639523,"","",D,polyarchy_dist
rob4,polyarchy_dist,polyarchy_dist,-0.0850130720325508,0.0580956300261499,-1.46332989235653,0.143377132050187,776366,"","",D,polyarchy_dist
rob4,ipd,ipd,0.0269907243151696,0.0177644800672875,1.51936472178951,0.128670716750716,776366,"","",D,polyarchy_dist
spec1,polity_dist,polity_dist,-0.0284404918547277,0.00192250637117587,-14.7934447870425,2.66604664907638e-49,413585,"","",D,polity_dist
spec1,ipd,ipd,-0.114355466486491,0.0157220499337182,-7.27357227388263,3.60861664424313e-13,413585,"","",D,polity_dist
spec2,polity_dist,polity_dist,0.0060801077624888,0.00452348892111688,1.34411907899347,0.178909883458243,541538,"","",D,polity_dist
spec2,ipd,ipd,0.0764151220106405,0.0321734981417213,2.37509523129997,0.0175444230454276,541538,"","",D,polity_dist
spec3,polity_dist,polity_dist,0.00703469128800756,0.0046902612391837,1.49985063288967,0.133653098210309,555050,"","",D,polity_dist
spec3,ipd,ipd,0.0887684399584394,0.0341882915453883,2.59645732342579,0.00941906057452685,555050,"","",D,polity_dist
spec4,polity_dist,polity_dist,0.00515808894008237,0.00202336109455778,2.54926762897441,0.0107949423583175,534884,"","",D,polity_dist
spec4,ipd,ipd,0.0409547037600093,0.0155746693616698,2.62957131281395,0.00854925989221446,534884,"","",D,polity_dist
spec5,polity_dist,polity_dist,0.00515808894008237,0.00231198108907525,2.23102557562247,0.0256794349353646,534884,"","",D,polity_dist
spec5,ipd,ipd,0.0409547037600093,0.0184710950302158,2.21723204244328,0.0266072390308124,534884,"","",D,polity_dist
spec6,polity_dist,polity_dist,0.00427015988133837,0.00486032858007274,0.878574320848585,0.379632124210992,415927,"","",D,polity_dist
spec6,ipd,ipd,0.143550572661073,0.0406970275652458,3.52729870580676,0.000419822846571031,415927,"","",D,polity_dist
spec7,polity_dist,polity_dist,0.00506722399904958,0.00207061885501872,2.44720267410284,0.0143969855941413,534616,"","",D,polity_dist
spec7,ipd,ipd,0.0344890279246843,0.0155310194269658,2.22065448355583,0.0263743725347358,534616,"","",D,polity_dist
spec8,polity_dist,pair_nato::non:polity_dist,0.00285606426713529,0.00253798783427734,1.12532622440584,0.26045082097417,534884,"","",D,polity_dist
spec8,polity_dist,pair_nato::inter:polity_dist,0.00851068091762842,0.00266323111079772,3.19562237130792,0.00139529600030033,534884,"","",D,polity_dist
spec8,polity_dist,pair_nato::intra:polity_dist,0.0058991735633623,0.00474820019126913,1.24240203144963,0.214088266491869,534884,"","",D,polity_dist
spec8,ipd,pair_nato::non:ipd,0.0412651834451949,0.0248059650725965,1.66351856597513,0.0962086776032941,534884,"","",D,polity_dist
spec8,ipd,pair_nato::inter:ipd,0.0642199780699736,0.0208622034020538,3.07829316167301,0.00208189997076467,534884,"","",D,polity_dist
spec8,ipd,pair_nato::intra:ipd,-0.00339877560572865,0.0236932895169584,-0.143448869912976,0.885935689419668,534884,"","",D,polity_dist
spec9,polity_dist,pair_nato::non:polity_dist,0.00198368948613761,0.00502048555492789,0.395119050624597,0.692755030009728,415927,"","",D,polity_dist
spec9,polity_dist,pair_nato::inter:polity_dist,0.0108679601738717,0.00696697281650818,1.55992573246735,0.118777432707823,415927,"","",D,polity_dist
spec9,polity_dist,pair_nato::intra:polity_dist,-0.00877930583077766,0.0161469814356964,-0.543711892265454,0.586639747556723,415927,"","",D,polity_dist
spec9,ipd,pair_nato::non:ipd,0.137287496018151,0.0550156534666287,2.49542607180748,0.0125805967336037,415927,"","",D,polity_dist
spec9,ipd,pair_nato::inter:ipd,0.201221259730765,0.0493834043030748,4.07467372026103,4.60789055309606e-05,415927,"","",D,polity_dist
spec9,ipd,pair_nato::intra:ipd,0.0621243865495677,0.0736237962392688,0.843808520110409,0.398776413672322,415927,"","",D,polity_dist
spec10,polity_dist,period::1995-2007:polity_dist,0.00971221629905919,0.00228362757268848,4.25297733098622,2.10946938143488e-05,534884,"","",D,polity_dist
spec10,polity_dist,period::2008-2013:polity_dist,0.00710496726312927,0.0023269910613261,3.05328515489883,0.00226350737512839,534884,"","",D,polity_dist
spec10,polity_dist,period::2014-2017:polity_dist,-0.000156815665190135,0.00224871113908563,-0.0697357977485267,0.944403948643502,534884,"","",D,polity_dist
spec10,polity_dist,period::2018-2021:polity_dist,-0.000583950660819141,0.00242908725653258,-0.240399211369914,0.810020789518148,534884,"","",D,polity_dist
spec10,ipd,period::1995-2007:ipd,0.0861689996497245,0.0169541233693969,5.08248039561068,3.72537770919237e-07,534884,"","",D,polity_dist
spec10,ipd,period::2008-2013:ipd,0.0418762299020915,0.015585682036198,2.68683974206796,0.00721315512054842,534884,"","",D,polity_dist
spec10,ipd,period::2014-2017:ipd,-0.0127467801955712,0.016089289573379,-0.792252519133085,0.428213450992741,534884,"","",D,polity_dist
spec10,ipd,period::2018-2021:ipd,-0.0352219479030038,0.0186144606303811,-1.89218203000291,0.0584667317907926,534884,"","",D,polity_dist
rob1,polity_dist,polity_dist,0.0111823270389446,0.0058792880270379,1.90198659897573,0.0571729065834448,534884,"","",D,polity_dist
rob1,polity_dist,I(polity_dist^2),-0.000387912657494583,0.00035663180587235,-1.08771189531376,0.276722314736774,534884,"","",D,polity_dist
rob1,ipd,ipd,-0.0435498545729136,0.0241626945605002,-1.80235918903294,0.0714889117102399,534884,"","",D,polity_dist
rob1,ipd,I(ipd^2),0.0344973158539413,0.00747633606148749,4.61420080240183,3.94610776516433e-06,534884,"","",D,polity_dist
rob2,polity_dist,polity_dist,0.00527528215353025,0.00204071782573262,2.5850130218941,0.00973753196738365,460843,"","",D,polity_dist
rob2,ipd,ipd,0.0410738756943029,0.0157022248252369,2.61579974503283,0.00890187490570355,460843,"","",D,polity_dist
rob3,polity_dist,polity_dist,0.00338047768059494,0.00184222766758473,1.83499452324856,0.0665065009440187,389478,"","",D,polity_dist
rob3,ipd,ipd,-0.00462356860411747,0.0154417746677426,-0.299419509972255,0.764619977801342,389478,"","",D,polity_dist
rob4,polity_dist,polity_dist,0.0036277518719811,0.00251112632800569,1.444671194564,0.148550264657384,513218,"","",D,polity_dist
rob4,ipd,ipd,0.0329712308600374,0.0185874754863155,1.7738412558667,0.0760894118408422,513218,"","",D,polity_dist
spec1,shared_rival_mid,shared_rival_mid,0.0620756239467964,0.0281214963335527,2.207408283347,0.0272926671518099,438210,"","",D,shared_rival_mid
spec1,ipd,ipd,-0.0486368848317913,0.0147854721681832,-3.28950501401321,0.00100472905068354,438210,"","",D,shared_rival_mid
spec2,shared_rival_mid,shared_rival_mid,-0.0273914440421607,0.0210257947513036,-1.30275427712251,0.192658665173344,651736,"","",D,shared_rival_mid
spec2,ipd,ipd,0.103742277698418,0.0313774217268121,3.30627157966169,0.000945464018978822,651736,"","",D,shared_rival_mid
spec3,shared_rival_mid,shared_rival_mid,-0.0949634646386655,0.035292813076262,-2.69073095515127,0.00712956665934143,662272,"","",D,shared_rival_mid
spec3,ipd,ipd,0.117513753520525,0.0330032873291199,3.56066813431758,0.000369912361613989,662272,"","",D,shared_rival_mid
spec4,shared_rival_mid,shared_rival_mid,0.0221832472578446,0.00829638944263386,2.67384353292871,0.00749874292009346,607569,"","",D,shared_rival_mid
spec4,ipd,ipd,0.0426332005502469,0.0179923519448154,2.36951793078568,0.0178112914173378,607569,"","",D,shared_rival_mid
spec5,shared_rival_mid,shared_rival_mid,0.0221832472578446,0.0105233133905576,2.10800975268392,0.035030145844563,607569,"","",D,shared_rival_mid
spec5,ipd,ipd,0.0426332005502469,0.0209742911350616,2.03264083042021,0.0420888232254243,607569,"","",D,shared_rival_mid
spec6,shared_rival_mid,shared_rival_mid,-0.0145426789109987,0.0173215204383162,-0.839572886386436,0.40114790679422,423942,"","",D,shared_rival_mid
spec6,ipd,ipd,0.136635752314019,0.0469650793808674,2.90930525648555,0.00362232983917929,423942,"","",D,shared_rival_mid
spec7,shared_rival_mid,shared_rival_mid,0.02572704618888,0.00814473570652001,3.15873309041631,0.00158456539151008,606938,"","",D,shared_rival_mid
spec7,ipd,ipd,0.0366042202417215,0.0177782476718861,2.05893296782033,0.0395006603611998,606938,"","",D,shared_rival_mid
spec8,shared_rival_mid,pair_nato::non:shared_rival_mid,0.0378730626401156,0.0124955991122936,3.03091210751589,0.00243816209988368,607569,"","",D,shared_rival_mid
spec8,shared_rival_mid,pair_nato::inter:shared_rival_mid,0.0396333551349657,0.0140741163092664,2.81604572990996,0.00486187457226074,607569,"","",D,shared_rival_mid
spec8,shared_rival_mid,pair_nato::intra:shared_rival_mid,-0.00402333603738207,0.0103138596510503,-0.390090244923235,0.696469816009507,607569,"","",D,shared_rival_mid
spec8,ipd,pair_nato::non:ipd,0.0277464857593111,0.028761763740928,0.964700426901423,0.334694881375271,607569,"","",D,shared_rival_mid
spec8,ipd,pair_nato::inter:ipd,0.067007759991926,0.0221025490018398,3.03167566719785,0.00243200362710646,607569,"","",D,shared_rival_mid
spec8,ipd,pair_nato::intra:ipd,0.0220221671761699,0.0240651196797204,0.915107320024173,0.360135292519365,607569,"","",D,shared_rival_mid
spec9,shared_rival_mid,pair_nato::non:shared_rival_mid,0.0153377799453661,0.0279278041831126,0.549193908865937,0.582872384098418,423942,"","",D,shared_rival_mid
spec9,shared_rival_mid,pair_nato::inter:shared_rival_mid,-0.0106035110220527,0.0291376790173901,-0.36391062636541,0.715924749258188,423942,"","",D,shared_rival_mid
spec9,shared_rival_mid,pair_nato::intra:shared_rival_mid,-0.0345642556452517,0.0279553713310152,-1.23640838949988,0.216306799220439,423942,"","",D,shared_rival_mid
spec9,ipd,pair_nato::non:ipd,0.153064623691235,0.0671926951004663,2.27799500321237,0.0227268753094023,423942,"","",D,shared_rival_mid
spec9,ipd,pair_nato::inter:ipd,0.207755371719869,0.054334989075465,3.82360197830022,0.00013151615971199,423942,"","",D,shared_rival_mid
spec9,ipd,pair_nato::intra:ipd,0.0240250899471848,0.0785691891861898,0.305782587246143,0.759770187215099,423942,"","",D,shared_rival_mid
spec10,shared_rival_mid,period::1995-2007:shared_rival_mid,0.0113934587930961,0.0137977585601006,0.825747076488418,0.408947581357957,607569,"","",D,shared_rival_mid
spec10,shared_rival_mid,period::2008-2013:shared_rival_mid,0.021354156585373,0.00986372201894357,2.16491873395881,0.0303939092693199,607569,"","",D,shared_rival_mid
spec10,shared_rival_mid,period::2014-2017:shared_rival_mid,0.0612058831346251,0.0216388576240425,2.82851729966652,0.0046764173539498,607569,"","",D,shared_rival_mid
spec10,ipd,period::1995-2007:ipd,0.0818676221934497,0.0184815438295273,4.42969607672345,9.43659816719935e-06,607569,"","",D,shared_rival_mid
spec10,ipd,period::2008-2013:ipd,0.0371834652095,0.0179854878579359,2.06741487932968,0.0386950773866069,607569,"","",D,shared_rival_mid
spec10,ipd,period::2014-2017:ipd,-0.00324711106038831,0.0187072759504293,-0.173574766790875,0.862199664149683,607569,"","",D,shared_rival_mid
rob1,shared_rival_mid,shared_rival_mid,0.0280625976464256,0.0121709531400117,2.30570254634951,0.0211272587396104,607569,"","",D,shared_rival_mid
rob1,shared_rival_mid,I(shared_rival_mid^2),-0.00320000377856246,0.00663634246499527,-0.482193888492272,0.629668217939294,607569,"","",D,shared_rival_mid
rob1,ipd,ipd,-0.040259103176078,0.0254381019472287,-1.58262999572827,0.113505822549824,607569,"","",D,shared_rival_mid
rob1,ipd,I(ipd^2),0.0325024578645995,0.00726120674509162,4.4761785479487,7.59909412088874e-06,607569,"","",D,shared_rival_mid
rob2,shared_rival_mid,shared_rival_mid,0.0224319696516636,0.00834836417630893,2.68698983153147,0.00720991475982785,409160,"","",D,shared_rival_mid
rob2,ipd,ipd,0.0423254632391149,0.018233799756392,2.32126401543251,0.0202725990875937,409160,"","",D,shared_rival_mid
rob3,shared_rival_mid,shared_rival_mid,0.0314483159947059,0.00826751975241981,3.80383923310268,0.000142470661672196,414490,"","",D,shared_rival_mid
rob3,ipd,ipd,-0.0193745203022596,0.0192082433163636,-1.00865654308712,0.313139379886475,414490,"","",D,shared_rival_mid
rob4,shared_rival_mid,shared_rival_mid,-0.00740444316173343,0.00889228842110645,-0.832681398880234,0.4050244378961,585959,"","",D,shared_rival_mid
rob4,ipd,ipd,0.0541578265251695,0.0201475174630549,2.6880645034546,0.00718675124243011,585959,"","",D,shared_rival_mid
spec1,sanction_nontrade,sanction_nontrade,-0.573054199767968,0.0250890558015026,-22.8408037473315,1.3969387307985e-114,673771,"","",D,sanction_nontrade
spec1,ipd,ipd,-0.0308138639668111,0.0142930747120543,-2.15585971441287,0.0311018213528702,673771,"","",D,sanction_nontrade
spec2,sanction_nontrade,sanction_nontrade,0.0808669937753406,0.0431192163179685,1.87542818911674,0.0607338401035205,958846,"","",D,sanction_nontrade
spec2,ipd,ipd,0.0459028012706743,0.0300360637703002,1.52825621964697,0.126448935254064,958846,"","",D,sanction_nontrade
spec3,sanction_nontrade,sanction_nontrade,0.138407770812972,0.0606975900147953,2.2802844524673,0.0225908233072377,984706,"","",D,sanction_nontrade
spec3,ipd,ipd,0.0618814814264623,0.0325368912164222,1.90188672343808,0.0571859652485241,984706,"","",D,sanction_nontrade
spec4,sanction_nontrade,sanction_nontrade,-0.0804905039112696,0.0198211945578269,-4.06083012183974,4.88985424861912e-05,932281,"","",D,sanction_nontrade
spec4,ipd,ipd,-0.0225435747095562,0.0217556887235019,-1.0362151709407,0.300101770648593,932281,"","",D,sanction_nontrade
spec5,sanction_nontrade,sanction_nontrade,-0.0804905039112696,0.0229884011313897,-3.50135285404269,0.00046290251553856,932281,"","",D,sanction_nontrade
spec5,ipd,ipd,-0.0225435747095562,0.0283643515663263,-0.794785477709265,0.426738299981351,932281,"","",D,sanction_nontrade
spec6,sanction_nontrade,sanction_nontrade,0.041684006247948,0.0444690585210912,0.937371008837026,0.348567748295665,703349,"","",D,sanction_nontrade
spec6,ipd,ipd,0.0295708498080572,0.0381450942994626,0.775220257050821,0.438209520201805,703349,"","",D,sanction_nontrade
spec7,sanction_nontrade,sanction_nontrade,-0.0850094726364836,0.0199545234311168,-4.26016050595931,2.04280152539477e-05,931498,"","",D,sanction_nontrade
spec7,ipd,ipd,-0.0288060201211455,0.022127744104236,-1.30180555168437,0.192982865502778,931498,"","",D,sanction_nontrade
spec8,sanction_nontrade,pair_nato::non:sanction_nontrade,-0.0336322901585856,0.0633182298499517,-0.531162830014132,0.595305948097859,932281,"","",D,sanction_nontrade
spec8,sanction_nontrade,pair_nato::inter:sanction_nontrade,-0.0779150041256485,0.0235296574963194,-3.31135309291418,0.000928459754013942,932281,"","",D,sanction_nontrade
spec8,sanction_nontrade,pair_nato::intra:sanction_nontrade,-0.0985802827134327,0.0249699711153142,-3.94795341404992,7.88221375811818e-05,932281,"","",D,sanction_nontrade
spec8,ipd,pair_nato::non:ipd,-0.00633448255220563,0.0292817628777561,-0.216328592600469,0.828731623020276,932281,"","",D,sanction_nontrade
spec8,ipd,pair_nato::inter:ipd,-0.00422164307091881,0.0279782094032332,-0.150890395095511,0.880062177338882,932281,"","",D,sanction_nontrade
spec8,ipd,pair_nato::intra:ipd,-0.105877656811782,0.0345267494182156,-3.06653996092442,0.00216551860117216,932281,"","",D,sanction_nontrade
spec9,sanction_nontrade,pair_nato::non:sanction_nontrade,-0.00484206802441488,0.106374584513596,-0.0455190311346975,0.963693605967986,703349,"","",D,sanction_nontrade
spec9,sanction_nontrade,pair_nato::inter:sanction_nontrade,0.00108087329223248,0.0472104865342456,0.0228947713014657,0.981734211200822,703349,"","",D,sanction_nontrade
spec9,sanction_nontrade,pair_nato::intra:sanction_nontrade,0.107027693992892,0.0610620566728153,1.75276922895623,0.079641627019235,703349,"","",D,sanction_nontrade
spec9,ipd,pair_nato::non:ipd,0.0418778396868374,0.0530099785595929,0.789999181753281,0.429528246189698,703349,"","",D,sanction_nontrade
spec9,ipd,pair_nato::inter:ipd,0.0343893378195824,0.0483638698143578,0.711054304620041,0.477050584959943,703349,"","",D,sanction_nontrade
spec9,ipd,pair_nato::intra:ipd,0.000336699341323259,0.0662216313901945,0.00508443138978775,0.995943228172535,703349,"","",D,sanction_nontrade
spec10,sanction_nontrade,period::1995-2007:sanction_nontrade,0.025805847148895,0.026858788150897,0.960797151528711,0.33665417110583,932281,"","",D,sanction_nontrade
spec10,sanction_nontrade,period::2008-2013:sanction_nontrade,0.0584214785463928,0.023902971193931,2.44410948213945,0.0145210192121115,932281,"","",D,sanction_nontrade
spec10,sanction_nontrade,period::2014-2017:sanction_nontrade,-0.0280847263514219,0.0234003157695156,-1.20018578501444,0.230067194768222,932281,"","",D,sanction_nontrade
spec10,sanction_nontrade,period::2018-2021:sanction_nontrade,-0.144461270533027,0.0245963182021103,-5.87328840625554,4.27234244777327e-09,932281,"","",D,sanction_nontrade
spec10,sanction_nontrade,period::2022-2024:sanction_nontrade,-0.226257255891101,0.0430788673135486,-5.25216353169857,1.50322903375127e-07,932281,"","",D,sanction_nontrade
spec10,ipd,period::1995-2007:ipd,0.0373256053931646,0.0202831621979607,1.84022614565086,0.0657350429624901,932281,"","",D,sanction_nontrade
spec10,ipd,period::2008-2013:ipd,-0.00507056635884038,0.0184714444412777,-0.274508383735779,0.783693961701447,932281,"","",D,sanction_nontrade
spec10,ipd,period::2014-2017:ipd,-0.05870977073499,0.0185504151062557,-3.16487638679263,0.00155148849861432,932281,"","",D,sanction_nontrade
spec10,ipd,period::2018-2021:ipd,-0.106202590871139,0.020895138540023,-5.08264593066545,3.72213143519034e-07,932281,"","",D,sanction_nontrade
spec10,ipd,period::2022-2024:ipd,-0.157253736543622,0.0288697954728345,-5.44699863535898,5.12268560959432e-08,932281,"","",D,sanction_nontrade
rob1,sanction_nontrade,sanction_nontrade,-0.0804905039112717,0.0198211945578463,-4.06083012183588,4.88985424870005e-05,932281,I(sanction_nontrade^2),"",D,sanction_nontrade
rob1,ipd,ipd,-0.0881066411855691,0.0298858781061507,-2.94810280871206,0.00319730713685369,932281,"","",D,sanction_nontrade
rob1,ipd,I(ipd^2),0.0264357230774339,0.00849839757924322,3.11067149200003,0.00186662472359514,932281,"","",D,sanction_nontrade
rob2,sanction_nontrade,sanction_nontrade,-0.0804114670738401,0.0200086530861567,-4.0188345875952,5.84867113376475e-05,623023,"","",D,sanction_nontrade
rob2,ipd,ipd,-0.0236314564286364,0.0219786604092787,-1.07520003442339,0.28228518003489,623023,"","",D,sanction_nontrade
rob3,sanction_nontrade,sanction_nontrade,-0.0969077097770627,0.0206879389674281,-4.68426119825846,2.80971526247498e-06,734709,"","",D,sanction_nontrade
rob3,ipd,ipd,-0.0743227016699878,0.0255361194634785,-2.91049318500735,0.00360858836351379,734709,"","",D,sanction_nontrade
rob4,sanction_nontrade,sanction_nontrade,-0.0771669945025363,0.0195816359494851,-3.94078383959363,8.12157877696883e-05,900511,"","",D,sanction_nontrade
rob4,ipd,ipd,0.0352401919831443,0.0180368342642662,1.95379030858872,0.0507260208801444,900511,"","",D,sanction_nontrade
spec1,n_common_sanctioners,n_common_sanctioners,-0.0877854062900419,0.0129751470630264,-6.76565790457917,1.34917247114495e-11,673771,"","",D,n_common_sanctioners
spec1,ipd,ipd,-0.0308138639668111,0.0142930747120543,-2.15585971441287,0.0311018213528702,673771,"","",D,n_common_sanctioners
spec2,n_common_sanctioners,n_common_sanctioners,0.0725781897364694,0.0178521737267284,4.06550993999151,4.7927551426774e-05,958846,"","",D,n_common_sanctioners
spec2,ipd,ipd,0.0459028012706743,0.0300360637703002,1.52825621964697,0.126448935254064,958846,"","",D,n_common_sanctioners
spec3,n_common_sanctioners,n_common_sanctioners,0.0943801291960964,0.0245345097995211,3.8468316655725,0.000119655118524699,984706,"","",D,n_common_sanctioners
spec3,ipd,ipd,0.0618814814264623,0.0325368912164222,1.90188672343808,0.0571859652485241,984706,"","",D,n_common_sanctioners
spec4,n_common_sanctioners,n_common_sanctioners,0.0732621124254681,0.0173517909529827,4.22216430707256,2.4196761412421e-05,932281,"","",D,n_common_sanctioners
spec4,ipd,ipd,-0.0225435747095562,0.0217556887235019,-1.0362151709407,0.300101770648593,932281,"","",D,n_common_sanctioners
spec5,n_common_sanctioners,n_common_sanctioners,0.0732621124254681,0.0194343118203876,3.769730212346,0.00016342410686298,932281,"","",D,n_common_sanctioners
spec5,ipd,ipd,-0.0225435747095562,0.0283643515663263,-0.794785477709265,0.426738299981351,932281,"","",D,n_common_sanctioners
spec6,n_common_sanctioners,n_common_sanctioners,0.035132300674202,0.026765556109255,1.31259371300916,0.189319889237257,703349,"","",D,n_common_sanctioners
spec6,ipd,ipd,0.0295708498080572,0.0381450942994626,0.775220257050821,0.438209520201805,703349,"","",D,n_common_sanctioners
spec7,n_common_sanctioners,n_common_sanctioners,0.0722395737900821,0.0176298359188229,4.09757493618837,4.17501032396878e-05,931498,"","",D,n_common_sanctioners
spec7,ipd,ipd,-0.0288060201211455,0.022127744104236,-1.30180555168437,0.192982865502778,931498,"","",D,n_common_sanctioners
spec8,n_common_sanctioners,pair_nato::non:n_common_sanctioners,0.032122394729379,0.0307364167982379,1.04509237170484,0.295980279356735,932281,"","",D,n_common_sanctioners
spec8,n_common_sanctioners,pair_nato::inter:n_common_sanctioners,0.0848646464239888,0.0143451360870598,5.91591783507315,3.30029943220467e-09,932281,"","",D,n_common_sanctioners
spec8,n_common_sanctioners,pair_nato::intra:n_common_sanctioners,0.123410757258828,0.0178266701867146,6.92281598112476,4.42752760276844e-12,932281,"","",D,n_common_sanctioners
spec8,ipd,pair_nato::non:ipd,-0.00633448255220563,0.0292817628777561,-0.216328592600469,0.828731623020276,932281,"","",D,n_common_sanctioners
spec8,ipd,pair_nato::inter:ipd,-0.00422164307091881,0.0279782094032332,-0.150890395095511,0.880062177338882,932281,"","",D,n_common_sanctioners
spec8,ipd,pair_nato::intra:ipd,-0.105877656811782,0.0345267494182156,-3.06653996092442,0.00216551860117216,932281,"","",D,n_common_sanctioners
spec9,n_common_sanctioners,pair_nato::non:n_common_sanctioners,0.0560362218237624,0.0397352630896944,1.41023910417485,0.158469092842005,703349,"","",D,n_common_sanctioners
spec9,n_common_sanctioners,pair_nato::inter:n_common_sanctioners,-0.00038458029883365,0.034724549560906,-0.01107517026705,0.991163473283199,703349,"","",D,n_common_sanctioners
spec9,n_common_sanctioners,pair_nato::intra:n_common_sanctioners,0.0420728158594433,0.0390605000041777,1.07711923439135,0.281427001133878,703349,"","",D,n_common_sanctioners
spec9,ipd,pair_nato::non:ipd,0.0418778396868374,0.0530099785595929,0.789999181753281,0.429528246189698,703349,"","",D,n_common_sanctioners
spec9,ipd,pair_nato::inter:ipd,0.0343893378195824,0.0483638698143578,0.711054304620041,0.477050584959943,703349,"","",D,n_common_sanctioners
spec9,ipd,pair_nato::intra:ipd,0.000336699341323259,0.0662216313901945,0.00508443138978775,0.995943228172535,703349,"","",D,n_common_sanctioners
spec10,n_common_sanctioners,period::1995-2007:n_common_sanctioners,-0.00531760440353759,0.0163805517109098,-0.324629139322332,0.745461770673571,932281,"","",D,n_common_sanctioners
spec10,n_common_sanctioners,period::2008-2013:n_common_sanctioners,-0.022307205794582,0.0173547126265484,-1.28536877991616,0.198663445588984,932281,"","",D,n_common_sanctioners
spec10,n_common_sanctioners,period::2014-2017:n_common_sanctioners,0.0359998856289399,0.014440655264639,2.49295374546425,0.0126685348331406,932281,"","",D,n_common_sanctioners
spec10,n_common_sanctioners,period::2018-2021:n_common_sanctioners,0.0822628315495635,0.0208686733146584,3.9419291446659,8.08288570953721e-05,932281,"","",D,n_common_sanctioners
spec10,n_common_sanctioners,period::2022-2024:n_common_sanctioners,0.0995803167470893,0.0216229918060239,4.60529780709382,4.11876002746703e-06,932281,"","",D,n_common_sanctioners
spec10,ipd,period::1995-2007:ipd,0.0373256053931646,0.0202831621979607,1.84022614565086,0.0657350429624901,932281,"","",D,n_common_sanctioners
spec10,ipd,period::2008-2013:ipd,-0.00507056635884038,0.0184714444412777,-0.274508383735779,0.783693961701447,932281,"","",D,n_common_sanctioners
spec10,ipd,period::2014-2017:ipd,-0.05870977073499,0.0185504151062557,-3.16487638679263,0.00155148849861432,932281,"","",D,n_common_sanctioners
spec10,ipd,period::2018-2021:ipd,-0.106202590871139,0.020895138540023,-5.08264593066545,3.72213143519034e-07,932281,"","",D,n_common_sanctioners
spec10,ipd,period::2022-2024:ipd,-0.157253736543622,0.0288697954728345,-5.44699863535898,5.12268560959432e-08,932281,"","",D,n_common_sanctioners
rob1,n_common_sanctioners,n_common_sanctioners,0.145975623378765,0.0178302390138942,8.18696952211425,2.67885976669975e-16,932281,"","",D,n_common_sanctioners
rob1,n_common_sanctioners,I(n_common_sanctioners^2),-0.0229414345536332,0.0070425487904534,-3.25754712338403,0.0011237959771243,932281,"","",D,n_common_sanctioners
rob1,ipd,ipd,-0.0881066411855691,0.0298858781061507,-2.94810280871206,0.00319730713685369,932281,"","",D,n_common_sanctioners
rob1,ipd,I(ipd^2),0.0264357230774339,0.00849839757924322,3.11067149200003,0.00186662472359514,932281,"","",D,n_common_sanctioners
rob2,n_common_sanctioners,n_common_sanctioners,0.0736038113942835,0.0174569271195462,4.21630971420341,2.48332644462566e-05,623023,"","",D,n_common_sanctioners
rob2,ipd,ipd,-0.0236314564286364,0.0219786604092787,-1.07520003442339,0.28228518003489,623023,"","",D,n_common_sanctioners
rob3,n_common_sanctioners,n_common_sanctioners,0.0703308690947358,0.0179235526778114,3.92393574861989,8.71139780002041e-05,734709,"","",D,n_common_sanctioners
rob3,ipd,ipd,-0.0743227016699878,0.0255361194634785,-2.91049318500735,0.00360858836351379,734709,"","",D,n_common_sanctioners
rob4,n_common_sanctioners,n_common_sanctioners,0.0500478887075479,0.00978887597502084,5.112730903452,3.17534484019341e-07,900511,"","",D,n_common_sanctioners
rob4,ipd,ipd,0.0352401919831443,0.0180368342642662,1.95379030858872,0.0507260208801444,900511,"","",D,n_common_sanctioners
spec1,ipd,ipd,-0.030158471303094,0.0143089893650455,-2.10765907596284,0.0350680018472555,696295,"","",D,ipd_full
spec2,ipd,ipd,0.035221853078964,0.0297156310644127,1.18529715901425,0.235899976380518,989296,"","",D,ipd_full
spec3,ipd,ipd,0.0512541101170095,0.0323722064201104,1.58327515436728,0.113358763311921,1019488,"","",D,ipd_full
spec4,ipd,ipd,-0.0662976130881277,0.0318226700561629,-2.08334539405779,0.0372197518074421,965872,"","",D,ipd_full
spec5,ipd,ipd,-0.0662976130881277,0.0400537338001865,-1.6552167999833,0.0978805285957748,965872,"","",D,ipd_full
spec6,ipd,ipd,-0.0125742689252498,0.0440332084681655,-0.285563313750815,0.775212605215913,733288,"","",D,ipd_full
spec7,ipd,ipd,-0.0728282620639288,0.032263359175482,-2.25730562238769,0.0239889842921306,965118,"","",D,ipd_full
spec8,ipd,pair_nato::non:ipd,-0.0422523603931806,0.0411166537501415,-1.02762157275591,0.304127872449539,965872,"","",D,ipd_full
spec8,ipd,pair_nato::inter:ipd,-0.0567124960192901,0.037733784062279,-1.50296339019927,0.13284848485855,965872,"","",D,ipd_full
spec8,ipd,pair_nato::intra:ipd,-0.152873581949355,0.0432194301917342,-3.53714940875348,0.000404470785295855,965872,"","",D,ipd_full
spec9,ipd,pair_nato::non:ipd,-0.00422826645170513,0.0619103599333748,-0.0682965897186739,0.945549538802569,733288,"","",D,ipd_full
spec9,ipd,pair_nato::inter:ipd,-0.0155134347833313,0.0521741821146686,-0.297339299909596,0.766207480622254,733288,"","",D,ipd_full
spec9,ipd,pair_nato::intra:ipd,-0.020845879655125,0.0715054034297276,-0.291528732868578,0.77064697206984,733288,"","",D,ipd_full
spec10,ipd,period::1995-2007:ipd,0.00165244804603022,0.0254822247800182,0.0648470869516063,0.948295750353636,965872,"","",D,ipd_full
spec10,ipd,period::2008-2013:ipd,-0.0405416661226006,0.0240190601934389,-1.68789560441149,0.0914312705824582,965872,"","",D,ipd_full
spec10,ipd,period::2014-2017:ipd,-0.0942784599325837,0.024274770852058,-3.88380432125029,0.000102834679129847,965872,"","",D,ipd_full
spec10,ipd,period::2018-2021:ipd,-0.144026903779889,0.0268248458372014,-5.36916054071588,7.91039799404657e-08,965872,"","",D,ipd_full
spec10,ipd,period::2022-2024:ipd,-0.21235352799458,0.0368145049618378,-5.76820272918808,8.01213893988624e-09,965872,"","",D,ipd_full
rob1,ipd,ipd,-0.137862034724348,0.0402453360411022,-3.42554065354433,0.000613577102620279,965872,"","",D,ipd_full
rob1,ipd,I(ipd^2),0.0288410365385726,0.00918521490637143,3.13994139849321,0.00168981633692796,965872,"","",D,ipd_full
rob2,ipd,ipd,-0.0677427498225155,0.0321371581853265,-2.10792595387125,0.0350373948425591,645311,"","",D,ipd_full
rob3,ipd,ipd,-0.122889173068996,0.0371622183099781,-3.30683093360979,0.000943578221826261,768142,"","",D,ipd_full
rob4,ipd,ipd,0.0282708811741591,0.0176866054828076,1.59843454424536,0.109946301863606,932992,"","",D,ipd_full
spec1,ipd,ipd,-0.119601222273592,0.0161482247631723,-7.40646256957943,1.34064738703895e-13,343154,"","",A,(palier commun)
spec1,polyarchy_dist,polyarchy_dist,-0.552863733681281,0.0518079725211866,-10.6714026196488,1.59243174952727e-26,343154,"","",A,(palier commun)
spec1,polity_dist,polity_dist,-0.0287902653920766,0.00195131719530605,-14.7542723762864,4.77958959944913e-49,343154,"","",A,(palier commun)
spec1,shared_rival_mid,shared_rival_mid,-0.184077353941528,0.0293656349625989,-6.26846155977815,3.70947995533682e-10,343154,"","",A,(palier commun)
spec1,sanction_nontrade,sanction_nontrade,-0.241357168432353,0.027860711971487,-8.6629935616635,4.88513215500634e-18,343154,"","",A,(palier commun)
spec1,n_common_sanctioners,n_common_sanctioners,-0.141505699318173,0.0148346887562097,-9.53883843764094,1.57956472633865e-21,343154,"","",A,(palier commun)
spec2,ipd,ipd,0.0989081747232792,0.0320135137012543,3.08957572249883,0.00200442604108686,458728,"","",A,(palier commun)
spec2,polyarchy_dist,polyarchy_dist,0.22261560174645,0.0989416267703056,2.24996908796795,0.0244509076526006,458728,"","",A,(palier commun)
spec2,polity_dist,polity_dist,0.00902822674884481,0.00487109911269173,1.85342702744882,0.0638211764240439,458728,"","",A,(palier commun)
spec2,shared_rival_mid,shared_rival_mid,-0.0222849485823887,0.0214344326431869,-1.0396798904529,0.298488646395773,458728,"","",A,(palier commun)
spec2,sanction_nontrade,sanction_nontrade,0.084412245878354,0.0474449615114269,1.779161436521,0.0752132987227949,458728,"","",A,(palier commun)
spec2,n_common_sanctioners,n_common_sanctioners,0.0959111516910973,0.021830103090139,4.39352719934804,1.11526228460633e-05,458728,"","",A,(palier commun)
spec3,ipd,ipd,0.111767444296413,0.0337540735808917,3.31122831822245,0.000928873871828317,467886,"","",A,(palier commun)
spec3,polyarchy_dist,polyarchy_dist,0.26190276172716,0.100100243308139,2.61640484649917,0.00888611279060049,467886,"","",A,(palier commun)
spec3,polity_dist,polity_dist,0.0103609928786701,0.00506746489136844,2.04461068814079,0.0408932549363513,467886,"","",A,(palier commun)
spec3,shared_rival_mid,shared_rival_mid,-0.0755776193783563,0.0357740337416428,-2.11263901421271,0.0346316767795397,467886,"","",A,(palier commun)
spec3,sanction_nontrade,sanction_nontrade,0.194921783484209,0.0726769588204722,2.68202999475678,0.00731768983122053,467886,"","",A,(palier commun)
spec3,n_common_sanctioners,n_common_sanctioners,0.12237348930458,0.0368837414280812,3.31781659252745,0.000907240353605671,467886,"","",A,(palier commun)
spec4,ipd,ipd,0.04220272957443,0.0184192515207125,2.29122934376421,0.0219501526605186,446171,"","",A,(palier commun)
spec4,polyarchy_dist,polyarchy_dist,0.020675956098692,0.0755115313139332,0.273811903148056,0.784229175696775,446171,"","",A,(palier commun)
spec4,polity_dist,polity_dist,0.00223143669691792,0.00249534316495697,0.894240410799933,0.371193275018553,446171,"","",A,(palier commun)
spec4,shared_rival_mid,shared_rival_mid,0.019226993099019,0.00807176091009324,2.38200726126276,0.017218557926978,446171,"","",A,(palier commun)
spec4,sanction_nontrade,sanction_nontrade,0.0229451565695034,0.0174619886000169,1.31400592997072,0.188844208666672,446171,"","",A,(palier commun)
spec4,n_common_sanctioners,n_common_sanctioners,0.0190119527231332,0.010732633057271,1.77141551580888,0.0764916303156776,446171,"","",A,(palier commun)
spec5,ipd,ipd,0.04220272957443,0.0213271058464948,1.97883059605887,0.0478350824705345,446171,"","",A,(palier commun)
spec5,polyarchy_dist,polyarchy_dist,0.020675956098692,0.0842859298605004,0.245307326298853,0.806218479464225,446171,"","",A,(palier commun)
spec5,polity_dist,polity_dist,0.00223143669691792,0.00275564549999398,0.80976914371707,0.418072869978903,446171,"","",A,(palier commun)
spec5,shared_rival_mid,shared_rival_mid,0.019226993099019,0.0103680140824511,1.8544528340835,0.0636744020314624,446171,"","",A,(palier commun)
spec5,sanction_nontrade,sanction_nontrade,0.0229451565695034,0.0191002126670588,1.20130372208241,0.229633407151872,446171,"","",A,(palier commun)
spec5,n_common_sanctioners,n_common_sanctioners,0.0190119527231332,0.0127862918778522,1.48690119893671,0.137040907571318,446171,"","",A,(palier commun)
spec6,ipd,ipd,0.135184207216859,0.0475322815270062,2.84405046158056,0.00445439927039402,335027,"","",A,(palier commun)
spec6,polyarchy_dist,polyarchy_dist,-0.157569126492414,0.153070924683635,-1.02938638946668,0.303298142278614,335027,"","",A,(palier commun)
spec6,polity_dist,polity_dist,0.00362129366432128,0.00418627569663735,0.865039459114006,0.387017131453427,335027,"","",A,(palier commun)
spec6,shared_rival_mid,shared_rival_mid,-0.0210886865528981,0.0169853309877989,-1.24158231405951,0.214390710456255,335027,"","",A,(palier commun)
spec6,sanction_nontrade,sanction_nontrade,0.117223260917623,0.0530181273834711,2.21100341907151,0.0270356002939539,335027,"","",A,(palier commun)
spec6,n_common_sanctioners,n_common_sanctioners,-0.031590086390214,0.0286351635805428,-1.10319210509693,0.269943749097289,335027,"","",A,(palier commun)
spec7,ipd,ipd,0.035947907589433,0.0182163667239156,1.97338515052172,0.048451698141447,445896,"","",A,(palier commun)
spec7,polyarchy_dist,polyarchy_dist,0.0345988012411837,0.0774651546982139,0.446636960527253,0.655137204644693,445896,"","",A,(palier commun)
spec7,polity_dist,polity_dist,0.00210398057183361,0.00254487110788598,0.826753294229263,0.408376907585896,445896,"","",A,(palier commun)
spec7,shared_rival_mid,shared_rival_mid,0.0228830890445809,0.00794239694164402,2.88113137793442,0.00396250435483558,445896,"","",A,(palier commun)
spec7,sanction_nontrade,sanction_nontrade,0.0188623176537984,0.0175315078223186,1.07590960486499,0.281967685901474,445896,"","",A,(palier commun)
spec7,n_common_sanctioners,n_common_sanctioners,0.0245598055187608,0.0108973972645261,2.25373131974452,0.0242130757825243,445896,"","",A,(palier commun)
spec8,ipd,pair_nato::non:ipd,0.0274508989443706,0.0297786152817886,0.921832619972711,0.356615889648734,446171,"","",A,(palier commun)
spec8,ipd,pair_nato::inter:ipd,0.0655080989462685,0.0225609962040027,2.90359957308296,0.0036889964323187,446171,"","",A,(palier commun)
spec8,ipd,pair_nato::intra:ipd,0.0230116628013374,0.0241221561613445,0.953963760429233,0.340101986692824,446171,"","",A,(palier commun)
spec8,polyarchy_dist,pair_nato::non:polyarchy_dist,0.0728861807231178,0.0846488940437449,0.861041145858937,0.38921538187595,446171,"","",A,(palier commun)
spec8,polyarchy_dist,pair_nato::inter:polyarchy_dist,-0.0268342026595188,0.0966060615916573,-0.27776934715488,0.781189422964564,446171,"","",A,(palier commun)
spec8,polyarchy_dist,pair_nato::intra:polyarchy_dist,-0.204081297789666,0.166542663795259,-1.22539950508151,0.220424733322566,446171,"","",A,(palier commun)
spec8,polity_dist,pair_nato::non:polity_dist,-0.000649858553939255,0.00267876734958492,-0.242596115724626,0.808318290546199,446171,"","",A,(palier commun)
spec8,polity_dist,pair_nato::inter:polity_dist,0.00614254178435738,0.00337770160287878,1.81855667153136,0.0689790932685357,446171,"","",A,(palier commun)
spec8,polity_dist,pair_nato::intra:polity_dist,0.0299033684301849,0.010333063012533,2.89395007016943,0.00380428650415101,446171,"","",A,(palier commun)
spec8,shared_rival_mid,pair_nato::non:shared_rival_mid,0.0355032640773087,0.0127843340349471,2.77709139797642,0.00548477534183613,446171,"","",A,(palier commun)
spec8,shared_rival_mid,pair_nato::inter:shared_rival_mid,0.0352880647056989,0.0140879348430816,2.50484298080271,0.012250576520375,446171,"","",A,(palier commun)
spec8,shared_rival_mid,pair_nato::intra:shared_rival_mid,-0.00672938225749709,0.0101563056264615,-0.662581700964591,0.507598493081876,446171,"","",A,(palier commun)
spec8,sanction_nontrade,pair_nato::non:sanction_nontrade,0.128984377093336,0.0465546708353412,2.77060013053341,0.00559530935893713,446171,"","",A,(palier commun)
spec8,sanction_nontrade,pair_nato::inter:sanction_nontrade,0.00510675982053046,0.0187035500814987,0.273036926052984,0.784824830698396,446171,"","",A,(palier commun)
spec8,sanction_nontrade,pair_nato::intra:sanction_nontrade,0.0237428547311548,0.022172795268712,1.07081017271008,0.284254791936216,446171,"","",A,(palier commun)
spec8,n_common_sanctioners,pair_nato::non:n_common_sanctioners,0.00364907116573764,0.0184120513460132,0.198189278161436,0.842896975893672,446171,"","",A,(palier commun)
spec8,n_common_sanctioners,pair_nato::inter:n_common_sanctioners,0.0182581531157768,0.0125357827666322,1.45648289027283,0.145259176061029,446171,"","",A,(palier commun)
spec8,n_common_sanctioners,pair_nato::intra:n_common_sanctioners,0.0370594932961739,0.0112717119129987,3.28783183798695,0.00100962126162093,446171,"","",A,(palier commun)
spec9,ipd,pair_nato::non:ipd,0.155120382481633,0.0689098058235819,2.25106399049739,0.0243814847287516,335027,"","",A,(palier commun)
spec9,ipd,pair_nato::inter:ipd,0.203761877703912,0.0552627067558896,3.68714979170281,0.000226779877339109,335027,"","",A,(palier commun)
spec9,ipd,pair_nato::intra:ipd,0.0244387809912146,0.0779194236725138,0.313641706257068,0.753793179690554,335027,"","",A,(palier commun)
spec9,polyarchy_dist,pair_nato::non:polyarchy_dist,-0.177931523336009,0.167611821898404,-1.06156905474042,0.288431368297012,335027,"","",A,(palier commun)
spec9,polyarchy_dist,pair_nato::inter:polyarchy_dist,-0.155257380722608,0.202082117473323,-0.768288568349467,0.442315764703969,335027,"","",A,(palier commun)
spec9,polyarchy_dist,pair_nato::intra:polyarchy_dist,-0.0087161898534185,0.590316878349459,-0.0147652729798091,0.988219444707855,335027,"","",A,(palier commun)
spec9,polity_dist,pair_nato::non:polity_dist,0.00372384250803058,0.00467114561616921,0.797201118102692,0.425334236782062,335027,"","",A,(palier commun)
spec9,polity_dist,pair_nato::inter:polity_dist,0.00357700342847933,0.00690072152063246,0.518352090833466,0.604212634838136,335027,"","",A,(palier commun)
spec9,polity_dist,pair_nato::intra:polity_dist,0.0013609236874326,0.0307717163882437,0.0442264471133803,0.964723900926392,335027,"","",A,(palier commun)
spec9,shared_rival_mid,pair_nato::non:shared_rival_mid,0.00400562057983169,0.0277272336637438,0.144465208048124,0.885133128171637,335027,"","",A,(palier commun)
spec9,shared_rival_mid,pair_nato::inter:shared_rival_mid,-0.0163853622899438,0.0286251943816287,-0.572410516117219,0.56704389310629,335027,"","",A,(palier commun)
spec9,shared_rival_mid,pair_nato::intra:shared_rival_mid,-0.0398315767463685,0.0283261007019498,-1.40617931022277,0.159670886262806,335027,"","",A,(palier commun)
spec9,sanction_nontrade,pair_nato::non:sanction_nontrade,0.0215648842450539,0.118939083337458,0.181310328278463,0.856123999590908,335027,"","",A,(palier commun)
spec9,sanction_nontrade,pair_nato::inter:sanction_nontrade,0.0557459619216603,0.0583714624471937,0.955020819841398,0.339567168389192,335027,"","",A,(palier commun)
spec9,sanction_nontrade,pair_nato::intra:sanction_nontrade,0.183655278649639,0.0595989731746121,3.08151749714829,0.002059483722654,335027,"","",A,(palier commun)
spec9,n_common_sanctioners,pair_nato::non:n_common_sanctioners,-0.0415430222246044,0.0442890482589628,-0.937997628255589,0.348245628963666,335027,"","",A,(palier commun)
spec9,n_common_sanctioners,pair_nato::inter:n_common_sanctioners,-0.0383807786319679,0.0386032256683811,-0.994237604952393,0.320107204313167,335027,"","",A,(palier commun)
spec9,n_common_sanctioners,pair_nato::intra:n_common_sanctioners,-0.0187590578809426,0.0322154938709928,-0.582299248804422,0.560365131396916,335027,"","",A,(palier commun)
spec10,ipd,period::1995-2007:ipd,0.0820230624545832,0.0189076908891911,4.33807929986169,1.43733297967056e-05,446171,"","",A,(palier commun)
spec10,ipd,period::2008-2013:ipd,0.0370786294594946,0.01840183140824,2.0149423520363,0.043910689710396,446171,"","",A,(palier commun)
spec10,ipd,period::2014-2017:ipd,-0.00337878265746618,0.0191523923965765,-0.176415697188313,0.859967373492013,446171,"","",A,(palier commun)
spec10,polyarchy_dist,period::1995-2007:polyarchy_dist,0.0678615886481308,0.0762916781458059,0.889501847350062,0.373733430825972,446171,"","",A,(palier commun)
spec10,polyarchy_dist,period::2008-2013:polyarchy_dist,-0.00263586052702407,0.0804856680267775,-0.0327494396411933,0.973874397882507,446171,"","",A,(palier commun)
spec10,polyarchy_dist,period::2014-2017:polyarchy_dist,-0.0830941562259176,0.0783535313583688,-1.0605030148018,0.288915819151018,446171,"","",A,(palier commun)
spec10,polity_dist,period::1995-2007:polity_dist,0.00385467093655723,0.00251203261210242,1.53448283990672,0.12491091168864,446171,"","",A,(palier commun)
spec10,polity_dist,period::2008-2013:polity_dist,0.000877550327192307,0.00282538309230978,0.310595164804678,0.756108403443898,446171,"","",A,(palier commun)
spec10,polity_dist,period::2014-2017:polity_dist,-0.00337236213563023,0.00293101266476125,-1.15057917564643,0.249905404169079,446171,"","",A,(palier commun)
spec10,shared_rival_mid,period::1995-2007:shared_rival_mid,0.00801724430073174,0.0137712176961523,0.582173957134651,0.56044951332812,446171,"","",A,(palier commun)
spec10,shared_rival_mid,period::2008-2013:shared_rival_mid,0.0185039120875633,0.0096809561535267,1.91137236798893,0.0559567450658675,446171,"","",A,(palier commun)
spec10,shared_rival_mid,period::2014-2017:shared_rival_mid,0.0570561637258505,0.0216662233055352,2.63341528983845,0.00845309189907174,446171,"","",A,(palier commun)
spec10,sanction_nontrade,period::1995-2007:sanction_nontrade,0.0317019735836768,0.0196511079468455,1.61324102790681,0.106692153048867,446171,"","",A,(palier commun)
spec10,sanction_nontrade,period::2008-2013:sanction_nontrade,0.0260129219922803,0.0255554707796152,1.01790032422451,0.308725327542362,446171,"","",A,(palier commun)
spec10,sanction_nontrade,period::2014-2017:sanction_nontrade,-0.0136399593820598,0.0303171956439353,-0.449908347139239,0.652776528593581,446171,"","",A,(palier commun)
spec10,n_common_sanctioners,period::1995-2007:n_common_sanctioners,0.00591309419472257,0.0126240620132045,0.468398696753674,0.63949949984383,446171,"","",A,(palier commun)
spec10,n_common_sanctioners,period::2008-2013:n_common_sanctioners,0.0166658851164235,0.0164945869577066,1.01038511356217,0.312310817172976,446171,"","",A,(palier commun)
spec10,n_common_sanctioners,period::2014-2017:n_common_sanctioners,0.0369361893680659,0.0150517312530387,2.45394956547667,0.0141296797137853,446171,"","",A,(palier commun)
rob1,ipd,ipd,-0.0442177357886429,0.0259458311590686,-1.70423277317859,0.0883376087294179,446171,"","",A,(palier commun)
rob1,ipd,I(ipd^2),0.0339113163127409,0.00736310594777028,4.60557223450112,4.11333167922742e-06,446171,"","",A,(palier commun)
rob1,polyarchy_dist,polyarchy_dist,-0.622766901152989,0.150113127203645,-4.14865050614886,3.34440938037392e-05,446171,"","",A,(palier commun)
rob1,polyarchy_dist,I(polyarchy_dist^2),0.962573832819085,0.220164949396248,4.37205756619627,1.2308106037393e-05,446171,"","",A,(palier commun)
rob1,polity_dist,polity_dist,-0.00504255913015861,0.00702166037291101,-0.718143410867946,0.472668865871196,446171,"","",A,(palier commun)
rob1,polity_dist,I(polity_dist^2),0.000458672367416233,0.000409310771948098,1.12059686392616,0.262459500520405,446171,"","",A,(palier commun)
rob1,shared_rival_mid,shared_rival_mid,0.0220979500428459,0.0120708951733534,1.83068030377956,0.0671482746021925,446171,"","",A,(palier commun)
rob1,shared_rival_mid,I(shared_rival_mid^2),-0.00155622488260927,0.00670540808117736,-0.232085036998378,0.816471966365441,446171,"","",A,(palier commun)
rob1,sanction_nontrade,sanction_nontrade,0.0229451565695034,0.0174619886081081,1.31400592936187,0.188844208871565,446171,I(sanction_nontrade^2),"",A,(palier commun)
rob1,n_common_sanctioners,n_common_sanctioners,0.0361058878531404,0.0138286802958236,2.61094240959817,0.00902930978538868,446171,"","",A,(palier commun)
rob1,n_common_sanctioners,I(n_common_sanctioners^2),-0.00867534748656126,0.00420499398771325,-2.0631058003674,0.0391025772104381,446171,"","",A,(palier commun)
rob2,ipd,ipd,0.0428735229986172,0.0185879370527501,2.30652400408652,0.0210813704461675,383560,"","",A,(palier commun)
rob2,polyarchy_dist,polyarchy_dist,0.020444877701408,0.0762764785049753,0.268036465528156,0.788671249919311,383560,"","",A,(palier commun)
rob2,polity_dist,polity_dist,0.00237691638680617,0.00252163967629469,0.94260746654289,0.345881719307771,383560,"","",A,(palier commun)
rob2,shared_rival_mid,shared_rival_mid,0.0192949506217705,0.00810318306049029,2.38115694508363,0.0172583572692685,383560,"","",A,(palier commun)
rob2,sanction_nontrade,sanction_nontrade,0.0236275114733478,0.0175471713029374,1.34651398025576,0.178136814818775,383560,"","",A,(palier commun)
rob2,n_common_sanctioners,n_common_sanctioners,0.0184769533730122,0.0107668490024019,1.71609663782693,0.0861443565167584,383560,"","",A,(palier commun)
rob3,ipd,ipd,-0.0211581896221824,0.0198046454944039,-1.06834477941859,0.285365016206524,301822,"","",A,(palier commun)
rob3,polyarchy_dist,polyarchy_dist,-0.11366382007079,0.0742769194782797,-1.53027105686617,0.125949649331512,301822,"","",A,(palier commun)
rob3,polity_dist,polity_dist,-0.00123394983421405,0.00183583339010711,-0.672146961082377,0.501490142669687,301822,"","",A,(palier commun)
rob3,shared_rival_mid,shared_rival_mid,0.0263776316608958,0.00809835238555417,3.25716027224849,0.00112532874030544,301822,"","",A,(palier commun)
rob3,sanction_nontrade,sanction_nontrade,-0.00654174672205003,0.0194454833230517,-0.336414714582852,0.736558154835532,301822,"","",A,(palier commun)
rob3,n_common_sanctioners,n_common_sanctioners,0.0176906017108928,0.0128103177688812,1.38096509626535,0.167289692832023,301822,"","",A,(palier commun)
rob4,ipd,ipd,0.0501376919179029,0.0206215453780326,2.43132563533831,0.0150436872514357,428009,"","",A,(palier commun)
rob4,polyarchy_dist,polyarchy_dist,-0.068605026393138,0.0838751181735361,-0.817942530360379,0.413390003627958,428009,"","",A,(palier commun)
rob4,polity_dist,polity_dist,0.00498820958712328,0.00301753418402172,1.65307475671247,0.0983156500961115,428009,"","",A,(palier commun)
rob4,shared_rival_mid,shared_rival_mid,-0.00906570887179943,0.00905152320153109,-1.00156721360068,0.316552662560248,428009,"","",A,(palier commun)
rob4,sanction_nontrade,sanction_nontrade,-0.0194953603932324,0.0211150122815782,-0.923293822104055,0.355854106495597,428009,"","",A,(palier commun)
rob4,n_common_sanctioners,n_common_sanctioners,0.0112967244521526,0.0131821793954312,0.856969406444882,0.391461792617878,428009,"","",A,(palier commun)
spec1,ipd,ipd,-0.114355466486491,0.0157220499337182,-7.27357227388263,3.60861664424313e-13,413585,"","",B,(palier commun)
spec1,polyarchy_dist,polyarchy_dist,-0.526490346875824,0.05104679502779,-10.313876641799,6.87645321008081e-25,413585,"","",B,(palier commun)
spec1,polity_dist,polity_dist,-0.0284404918547277,0.00192250637117587,-14.7934447870425,2.66604664907638e-49,413585,"","",B,(palier commun)
spec1,sanction_nontrade,sanction_nontrade,-0.310473614528903,0.0270892281512972,-11.4611465780739,2.48074872661567e-30,413585,"","",B,(palier commun)
spec1,n_common_sanctioners,n_common_sanctioners,-0.103427028832095,0.0147239023080448,-7.02443052583859,2.20690767838325e-12,413585,"","",B,(palier commun)
spec2,ipd,ipd,0.0764151220106405,0.0321734981417213,2.37509523129997,0.0175444230454276,541538,"","",B,(palier commun)
spec2,polyarchy_dist,polyarchy_dist,0.177968969198227,0.0957094994138396,1.859470275032,0.0629605087971153,541538,"","",B,(palier commun)
spec2,polity_dist,polity_dist,0.0060801077624888,0.00452348892111688,1.34411907899347,0.178909883458243,541538,"","",B,(palier commun)
spec2,sanction_nontrade,sanction_nontrade,0.0771609700029409,0.0488344531608625,1.58005188977482,0.114094983706026,541538,"","",B,(palier commun)
spec2,n_common_sanctioners,n_common_sanctioners,0.0675692268520021,0.0204257395315131,3.30804310648119,0.000939503472520664,541538,"","",B,(palier commun)
spec3,ipd,ipd,0.0887684399584394,0.0341882915453883,2.59645732342579,0.00941906057452685,555050,"","",B,(palier commun)
spec3,polyarchy_dist,polyarchy_dist,0.207449616674853,0.0964763929589735,2.1502629846772,0.0315344185524052,555050,"","",B,(palier commun)
spec3,polity_dist,polity_dist,0.00703469128800756,0.0046902612391837,1.49985063288967,0.133653098210309,555050,"","",B,(palier commun)
spec3,sanction_nontrade,sanction_nontrade,0.168751125856809,0.0722337016957544,2.33618272212578,0.019481720402827,555050,"","",B,(palier commun)
spec3,n_common_sanctioners,n_common_sanctioners,0.0919244675495143,0.0331881128494885,2.76980098164669,0.00560905539552218,555050,"","",B,(palier commun)
spec4,ipd,ipd,0.0409547037600093,0.0155746693616698,2.62957131281395,0.00854925989221446,534884,"","",B,(palier commun)
spec4,polyarchy_dist,polyarchy_dist,0.0339935254834592,0.059535931082113,0.570974953538137,0.568016621004395,534884,"","",B,(palier commun)
spec4,polity_dist,polity_dist,0.00515808894008237,0.00202336109455778,2.54926762897441,0.0107949423583175,534884,"","",B,(palier commun)
spec4,sanction_nontrade,sanction_nontrade,-0.0238724814239244,0.0193196828108853,-1.23565597104285,0.216586470108614,534884,"","",B,(palier commun)
spec4,n_common_sanctioners,n_common_sanctioners,0.0300202342738498,0.0140712548198782,2.13344400752666,0.0328883202534526,534884,"","",B,(palier commun)
spec5,ipd,ipd,0.0409547037600093,0.0184710950302158,2.21723204244328,0.0266072390308124,534884,"","",B,(palier commun)
spec5,polyarchy_dist,polyarchy_dist,0.0339935254834592,0.0663030785297936,0.512699051646358,0.608161853183797,534884,"","",B,(palier commun)
spec5,polity_dist,polity_dist,0.00515808894008237,0.00231198108907525,2.23102557562247,0.0256794349353646,534884,"","",B,(palier commun)
spec5,sanction_nontrade,sanction_nontrade,-0.0238724814239244,0.0215706524273864,-1.10671114396223,0.26841883570308,534884,"","",B,(palier commun)
spec5,n_common_sanctioners,n_common_sanctioners,0.0300202342738498,0.014798699775582,2.02857242386818,0.0425018596794786,534884,"","",B,(palier commun)
spec6,ipd,ipd,0.143550572661073,0.0406970275652458,3.52729870580676,0.000419822846571031,415927,"","",B,(palier commun)
spec6,polyarchy_dist,polyarchy_dist,-0.314522986793601,0.159768660428202,-1.96861503345297,0.0489973149030183,415927,"","",B,(palier commun)
spec6,polity_dist,polity_dist,0.00427015988133837,0.00486032858007274,0.878574320848585,0.379632124210992,415927,"","",B,(palier commun)
spec6,sanction_nontrade,sanction_nontrade,0.0700209078393572,0.0555360691595572,1.2608185796907,0.207374218167061,415927,"","",B,(palier commun)
spec6,n_common_sanctioners,n_common_sanctioners,-0.00454314124428227,0.0285604924497246,-0.159070830178423,0.873613069712798,415927,"","",B,(palier commun)
spec7,ipd,ipd,0.0344890279246843,0.0155310194269658,2.22065448355583,0.0263743725347358,534616,"","",B,(palier commun)
spec7,polyarchy_dist,polyarchy_dist,0.0497884370521834,0.0615804465740197,0.808510490295611,0.41879676958573,534616,"","",B,(palier commun)
spec7,polity_dist,polity_dist,0.00506722399904958,0.00207061885501872,2.44720267410284,0.0143969855941413,534616,"","",B,(palier commun)
spec7,sanction_nontrade,sanction_nontrade,-0.0271780699665607,0.0193318932005077,-1.405866962158,0.159763633348488,534616,"","",B,(palier commun)
spec7,n_common_sanctioners,n_common_sanctioners,0.0316645537260124,0.0145791001018236,2.17191414455352,0.0298621393823918,534616,"","",B,(palier commun)
spec8,ipd,pair_nato::non:ipd,0.0412651834451949,0.0248059650725965,1.66351856597513,0.0962086776032941,534884,"","",B,(palier commun)
spec8,ipd,pair_nato::inter:ipd,0.0642199780699736,0.0208622034020538,3.07829316167301,0.00208189997076467,534884,"","",B,(palier commun)
spec8,ipd,pair_nato::intra:ipd,-0.00339877560572865,0.0236932895169584,-0.143448869912976,0.885935689419668,534884,"","",B,(palier commun)
spec8,polyarchy_dist,pair_nato::non:polyarchy_dist,0.0889254411745932,0.0745431948627352,1.19293842098318,0.232893490653742,534884,"","",B,(palier commun)
spec8,polyarchy_dist,pair_nato::inter:polyarchy_dist,-0.0277491517299943,0.078703326477161,-0.35257914718569,0.724403972995612,534884,"","",B,(palier commun)
spec8,polyarchy_dist,pair_nato::intra:polyarchy_dist,-0.0222082953837318,0.11553002252925,-0.192229646437653,0.847562324430415,534884,"","",B,(palier commun)
spec8,polity_dist,pair_nato::non:polity_dist,0.00285606426713529,0.00253798783427734,1.12532622440584,0.26045082097417,534884,"","",B,(palier commun)
spec8,polity_dist,pair_nato::inter:polity_dist,0.00851068091762842,0.00266323111079772,3.19562237130792,0.00139529600030033,534884,"","",B,(palier commun)
spec8,polity_dist,pair_nato::intra:polity_dist,0.0058991735633623,0.00474820019126913,1.24240203144963,0.214088266491869,534884,"","",B,(palier commun)
spec8,sanction_nontrade,pair_nato::non:sanction_nontrade,0.0399665849499658,0.0526479919844633,0.759128381605894,0.447775762784826,534884,"","",B,(palier commun)
spec8,sanction_nontrade,pair_nato::inter:sanction_nontrade,-0.0332371250559405,0.0212267887230753,-1.56581033002929,0.117393027157621,534884,"","",B,(palier commun)
spec8,sanction_nontrade,pair_nato::intra:sanction_nontrade,-0.0242183234696479,0.0244972202545237,-0.988615166048304,0.322851463124459,534884,"","",B,(palier commun)
spec8,n_common_sanctioners,pair_nato::non:n_common_sanctioners,0.00215459951769151,0.0220175239329788,0.0978583933529539,0.922044738648982,534884,"","",B,(palier commun)
spec8,n_common_sanctioners,pair_nato::inter:n_common_sanctioners,0.0406263425798598,0.0137272925031652,2.95953062634109,0.00308108075153878,534884,"","",B,(palier commun)
spec8,n_common_sanctioners,pair_nato::intra:n_common_sanctioners,0.0640011004911194,0.0117896513172518,5.42858298086109,5.68032344638012e-08,534884,"","",B,(palier commun)
spec9,ipd,pair_nato::non:ipd,0.137287496018151,0.0550156534666287,2.49542607180748,0.0125805967336037,415927,"","",B,(palier commun)
spec9,ipd,pair_nato::inter:ipd,0.201221259730765,0.0493834043030748,4.07467372026103,4.60789055309606e-05,415927,"","",B,(palier commun)
spec9,ipd,pair_nato::intra:ipd,0.0621243865495677,0.0736237962392688,0.843808520110409,0.398776413672322,415927,"","",B,(palier commun)
spec9,polyarchy_dist,pair_nato::non:polyarchy_dist,-0.448090034660963,0.200913431313703,-2.2302642074801,0.0257299078793223,415927,"","",B,(palier commun)
spec9,polyarchy_dist,pair_nato::inter:polyarchy_dist,-0.283289311463394,0.189392616632482,-1.49577801131034,0.134711513256539,415927,"","",B,(palier commun)
spec9,polyarchy_dist,pair_nato::intra:polyarchy_dist,0.158560086677582,0.399669900060095,0.396727616099537,0.691568333166036,415927,"","",B,(palier commun)
spec9,polity_dist,pair_nato::non:polity_dist,0.00198368948613761,0.00502048555492789,0.395119050624597,0.692755030009728,415927,"","",B,(palier commun)
spec9,polity_dist,pair_nato::inter:polity_dist,0.0108679601738717,0.00696697281650818,1.55992573246735,0.118777432707823,415927,"","",B,(palier commun)
spec9,polity_dist,pair_nato::intra:polity_dist,-0.00877930583077766,0.0161469814356964,-0.543711892265454,0.586639747556723,415927,"","",B,(palier commun)
spec9,sanction_nontrade,pair_nato::non:sanction_nontrade,-0.0607947979090063,0.109849452893168,-0.553437421014115,0.579963920679188,415927,"","",B,(palier commun)
spec9,sanction_nontrade,pair_nato::inter:sanction_nontrade,0.0133529351831628,0.059463816223528,0.224555637885203,0.822324979296858,415927,"","",B,(palier commun)
spec9,sanction_nontrade,pair_nato::intra:sanction_nontrade,0.151804450346103,0.0675755028508675,2.24644203804329,0.0246757082346662,415927,"","",B,(palier commun)
spec9,n_common_sanctioners,pair_nato::non:n_common_sanctioners,0.0339022787638324,0.0419466869015795,0.808223039006111,0.418962197188088,415927,"","",B,(palier commun)
spec9,n_common_sanctioners,pair_nato::inter:n_common_sanctioners,-0.0194613168802907,0.037285803236168,-0.521949782254197,0.601705295607729,415927,"","",B,(palier commun)
spec9,n_common_sanctioners,pair_nato::intra:n_common_sanctioners,-0.0235098162584671,0.0365935000063898,-0.642458804278409,0.520575329114046,415927,"","",B,(palier commun)
spec10,ipd,period::1995-2007:ipd,0.0861689996497245,0.0169541233693969,5.08248039561068,3.72537770919237e-07,534884,"","",B,(palier commun)
spec10,ipd,period::2008-2013:ipd,0.0418762299020915,0.015585682036198,2.68683974206796,0.00721315512054842,534884,"","",B,(palier commun)
spec10,ipd,period::2014-2017:ipd,-0.0127467801955712,0.016089289573379,-0.792252519133085,0.428213450992741,534884,"","",B,(palier commun)
spec10,ipd,period::2018-2021:ipd,-0.0352219479030038,0.0186144606303811,-1.89218203000291,0.0584667317907926,534884,"","",B,(palier commun)
spec10,polyarchy_dist,period::1995-2007:polyarchy_dist,0.178296890884411,0.0651689050357121,2.73591969646728,0.00622062043461024,534884,"","",B,(palier commun)
spec10,polyarchy_dist,period::2008-2013:polyarchy_dist,0.108470225136544,0.0651318464458021,1.66539459658656,0.095834056734381,534884,"","",B,(palier commun)
spec10,polyarchy_dist,period::2014-2017:polyarchy_dist,-0.0471149598802577,0.0614212723933803,-0.767078864444619,0.443034627404107,534884,"","",B,(palier commun)
spec10,polyarchy_dist,period::2018-2021:polyarchy_dist,-0.0872181611393395,0.0633733079689484,-1.37626019430885,0.168741091949459,534884,"","",B,(palier commun)
spec10,polity_dist,period::1995-2007:polity_dist,0.00971221629905919,0.00228362757268848,4.25297733098622,2.10946938143488e-05,534884,"","",B,(palier commun)
spec10,polity_dist,period::2008-2013:polity_dist,0.00710496726312927,0.0023269910613261,3.05328515489883,0.00226350737512839,534884,"","",B,(palier commun)
spec10,polity_dist,period::2014-2017:polity_dist,-0.000156815665190135,0.00224871113908563,-0.0697357977485267,0.944403948643502,534884,"","",B,(palier commun)
spec10,polity_dist,period::2018-2021:polity_dist,-0.000583950660819141,0.00242908725653258,-0.240399211369914,0.810020789518148,534884,"","",B,(palier commun)
spec10,sanction_nontrade,period::1995-2007:sanction_nontrade,0.0228358919628296,0.0222373044676025,1.02691816789662,0.304458998653503,534884,"","",B,(palier commun)
spec10,sanction_nontrade,period::2008-2013:sanction_nontrade,0.0194608135102918,0.0234229163935807,0.830845023023062,0.406061184527545,534884,"","",B,(palier commun)
spec10,sanction_nontrade,period::2014-2017:sanction_nontrade,-0.0820856277072224,0.0277672956533895,-2.95619813797756,0.00311456938031268,534884,"","",B,(palier commun)
spec10,sanction_nontrade,period::2018-2021:sanction_nontrade,-0.155560698969827,0.0323558745677163,-4.80780387018317,1.52597363646247e-06,534884,"","",B,(palier commun)
spec10,n_common_sanctioners,period::1995-2007:n_common_sanctioners,-0.000926157342991154,0.0148823737449878,-0.0622318293345558,0.950378215461398,534884,"","",B,(palier commun)
spec10,n_common_sanctioners,period::2008-2013:n_common_sanctioners,-0.00580384920248483,0.0158103108907973,-0.367092667726292,0.713549896395414,534884,"","",B,(palier commun)
spec10,n_common_sanctioners,period::2014-2017:n_common_sanctioners,0.0456658092088291,0.0178681246242793,2.55571360560012,0.0105970297707682,534884,"","",B,(palier commun)
spec10,n_common_sanctioners,period::2018-2021:n_common_sanctioners,0.0712929134460705,0.0283602607124603,2.51383138430556,0.0119427518232635,534884,"","",B,(palier commun)
rob1,ipd,ipd,-0.0435498545729136,0.0241626945605002,-1.80235918903294,0.0714889117102399,534884,"","",B,(palier commun)
rob1,ipd,I(ipd^2),0.0344973158539413,0.00747633606148749,4.61420080240183,3.94610776516433e-06,534884,"","",B,(palier commun)
rob1,polyarchy_dist,polyarchy_dist,-0.333246544020596,0.112191717055692,-2.9703310793895,0.00297478956258827,534884,"","",B,(palier commun)
rob1,polyarchy_dist,I(polyarchy_dist^2),0.552817721853116,0.164753690310013,3.35541935851568,0.000792447566140954,534884,"","",B,(palier commun)
rob1,polity_dist,polity_dist,0.0111823270389446,0.0058792880270379,1.90198659897573,0.0571729065834448,534884,"","",B,(palier commun)
rob1,polity_dist,I(polity_dist^2),-0.000387912657494583,0.00035663180587235,-1.08771189531376,0.276722314736774,534884,"","",B,(palier commun)
rob1,sanction_nontrade,sanction_nontrade,-0.0238724814239238,0.0193196833087658,-1.23565593919918,0.21658648195028,534884,I(sanction_nontrade^2),"",B,(palier commun)
rob1,n_common_sanctioners,n_common_sanctioners,0.0846336716421929,0.0145968700329677,5.79806982257458,6.70825232940076e-09,534884,"","",B,(palier commun)
rob1,n_common_sanctioners,I(n_common_sanctioners^2),-0.0231690412199395,0.00423631903621065,-5.46914456203565,4.5221280805641e-08,534884,"","",B,(palier commun)
rob2,ipd,ipd,0.0410738756943029,0.0157022248252369,2.61579974503283,0.00890187490570355,460843,"","",B,(palier commun)
rob2,polyarchy_dist,polyarchy_dist,0.0334681525228681,0.0599852132326699,0.557940044208099,0.576885325942262,460843,"","",B,(palier commun)
rob2,polity_dist,polity_dist,0.00527528215353025,0.00204071782573262,2.5850130218941,0.00973753196738365,460843,"","",B,(palier commun)
rob2,sanction_nontrade,sanction_nontrade,-0.0234174703174491,0.0194261093392846,-1.20546373483511,0.228024329848281,460843,"","",B,(palier commun)
rob2,n_common_sanctioners,n_common_sanctioners,0.0294478816421043,0.0141055083055953,2.08768666850688,0.0368261081981422,460843,"","",B,(palier commun)
rob3,ipd,ipd,-0.00462356860411747,0.0154417746677426,-0.299419509972255,0.764619977801342,389478,"","",B,(palier commun)
rob3,polyarchy_dist,polyarchy_dist,-0.0168956029691782,0.0609882094048547,-0.277030644677909,0.781756575610991,389478,"","",B,(palier commun)
rob3,polity_dist,polity_dist,0.00338047768059494,0.00184222766758473,1.83499452324856,0.0665065009440187,389478,"","",B,(palier commun)
rob3,sanction_nontrade,sanction_nontrade,-0.050696551293812,0.0203057862333586,-2.49665542181898,0.0125370715312583,389478,"","",B,(palier commun)
rob3,n_common_sanctioners,n_common_sanctioners,0.0261138985888761,0.0146067758185536,1.78779348113949,0.0738093329993682,389478,"","",B,(palier commun)
rob4,ipd,ipd,0.0329712308600374,0.0185874754863155,1.7738412558667,0.0760894118408422,513218,"","",B,(palier commun)
rob4,polyarchy_dist,polyarchy_dist,-0.0705261923124463,0.0643034396381618,-1.09677169229671,0.272741207618432,513218,"","",B,(palier commun)
rob4,polity_dist,polity_dist,0.0036277518719811,0.00251112632800569,1.444671194564,0.148550264657384,513218,"","",B,(palier commun)
rob4,sanction_nontrade,sanction_nontrade,-0.0241697542970216,0.0200507918569758,-1.20542642252868,0.228038726316755,513218,"","",B,(palier commun)
rob4,n_common_sanctioners,n_common_sanctioners,0.0279151676738362,0.0123946548033445,2.25219403982947,0.0243100125103478,513218,"","",B,(palier commun)
spec1,ipd,ipd,-0.0714237598208604,0.0149016040193992,-4.79302494737341,1.65144780761816e-06,596166,"","",C,(palier commun)
spec1,polyarchy_dist,polyarchy_dist,-0.435088354330272,0.0476254119472251,-9.13563445524427,6.93816113643852e-20,596166,"","",C,(palier commun)
spec1,sanction_nontrade,sanction_nontrade,-0.528281060790822,0.0255383529120162,-20.6857921734748,2.44398213089298e-94,596166,"","",C,(palier commun)
spec1,n_common_sanctioners,n_common_sanctioners,-0.080460540362289,0.0131236782075714,-6.13094431985306,8.85499718988404e-10,596166,"","",C,(palier commun)
spec2,ipd,ipd,0.0462565108750851,0.0300551668746053,1.53905353672047,0.123791226830261,776746,"","",C,(palier commun)
spec2,polyarchy_dist,polyarchy_dist,0.143044399113952,0.08996385519718,1.59002077890539,0.111830121376219,776746,"","",C,(palier commun)
spec2,sanction_nontrade,sanction_nontrade,0.0793760739060513,0.0429997065548272,1.84596780456727,0.0648968803185839,776746,"","",C,(palier commun)
spec2,n_common_sanctioners,n_common_sanctioners,0.0721077820856821,0.017838868654435,4.04217237553094,5.2958277581498e-05,776746,"","",C,(palier commun)
spec3,ipd,ipd,0.0622019917275955,0.0325814627636887,1.9091221342253,0.056246338014283,800780,"","",C,(palier commun)
spec3,polyarchy_dist,polyarchy_dist,0.166221508323052,0.0907743051644257,1.83115153591056,0.0670779281088746,800780,"","",C,(palier commun)
spec3,sanction_nontrade,sanction_nontrade,0.135900885332125,0.0606170176056312,2.24195928305619,0.0249640039704148,800780,"","",C,(palier commun)
spec3,n_common_sanctioners,n_common_sanctioners,0.0937087401712468,0.0245244918554803,3.82102678104241,0.000132897218185125,800780,"","",C,(palier commun)
spec4,ipd,ipd,-0.0230895667802131,0.0218386639337987,-1.05727927542666,0.29038414878847,778448,"","",C,(palier commun)
spec4,polyarchy_dist,polyarchy_dist,-0.0200414173530239,0.0605579336745108,-0.330946188830406,0.740685132270727,778448,"","",C,(palier commun)
spec4,sanction_nontrade,sanction_nontrade,-0.0803877356713086,0.0198847718903391,-4.04267829244572,5.28441022508245e-05,778448,"","",C,(palier commun)
spec4,n_common_sanctioners,n_common_sanctioners,0.0736385072441622,0.0173856513100557,4.23559094398554,2.27951419626142e-05,778448,"","",C,(palier commun)
spec5,ipd,ipd,-0.0230895667802131,0.0284408893641591,-0.811844049058128,0.416881122795841,778448,"","",C,(palier commun)
spec5,polyarchy_dist,polyarchy_dist,-0.0200414173530239,0.0664210987658302,-0.301732698275296,0.762855839709221,778448,"","",C,(palier commun)
spec5,sanction_nontrade,sanction_nontrade,-0.0803877356713086,0.0230442292773469,-3.48841068641562,0.000485901123365584,778448,"","",C,(palier commun)
spec5,n_common_sanctioners,n_common_sanctioners,0.0736385072441622,0.0194578677163127,3.78451063178041,0.000154011324096009,778448,"","",C,(palier commun)
spec6,ipd,ipd,0.0292831184423828,0.0382003547613258,0.766566662151241,0.443339203121905,623812,"","",C,(palier commun)
spec6,polyarchy_dist,polyarchy_dist,-0.176823858001056,0.151878018416275,-1.16424917736554,0.244323046100548,623812,"","",C,(palier commun)
spec6,sanction_nontrade,sanction_nontrade,0.0419519278258816,0.0445130575665644,0.942463405555708,0.345955438181513,623812,"","",C,(palier commun)
spec6,n_common_sanctioners,n_common_sanctioners,0.0351260777747502,0.026785056174972,1.31140579079958,0.189720703459148,623812,"","",C,(palier commun)
spec7,ipd,ipd,-0.0293929826406864,0.022216510258621,-1.32302428682653,0.185827301302552,778109,"","",C,(palier commun)
spec7,polyarchy_dist,polyarchy_dist,-0.00748740862556894,0.0620458930384169,-0.120675330129151,0.903948199874612,778109,"","",C,(palier commun)
spec7,sanction_nontrade,sanction_nontrade,-0.0849622897711486,0.0200210550854903,-4.24364697106912,2.19916226899538e-05,778109,"","",C,(palier commun)
spec7,n_common_sanctioners,n_common_sanctioners,0.0726467945559896,0.0176670120906561,4.1120023116083,3.92242371005288e-05,778109,"","",C,(palier commun)
spec8,ipd,pair_nato::non:ipd,-0.00637752480465224,0.0294180325314526,-0.216789644169223,0.828372282805722,778448,"","",C,(palier commun)
spec8,ipd,pair_nato::inter:ipd,-0.00511848909536728,0.0280616616863935,-0.182401496838269,0.855267651204252,778448,"","",C,(palier commun)
spec8,ipd,pair_nato::intra:ipd,-0.106513437181798,0.0346032664680999,-3.07813244394113,0.00208302314771764,778448,"","",C,(palier commun)
spec8,polyarchy_dist,pair_nato::non:polyarchy_dist,-0.0162593226438385,0.0804236428041306,-0.202170929802789,0.839783098516489,778448,"","",C,(palier commun)
spec8,polyarchy_dist,pair_nato::inter:polyarchy_dist,-0.0315397513605149,0.0795181474409942,-0.396635892252378,0.691635980831278,778448,"","",C,(palier commun)
spec8,polyarchy_dist,pair_nato::intra:polyarchy_dist,-0.00209614792264974,0.112596082311083,-0.0186165262558467,0.985147019075068,778448,"","",C,(palier commun)
spec8,sanction_nontrade,pair_nato::non:sanction_nontrade,-0.0315077273105291,0.0633166466570843,-0.497621541475046,0.618750817650193,778448,"","",C,(palier commun)
spec8,sanction_nontrade,pair_nato::inter:sanction_nontrade,-0.077831048691124,0.0236114854877147,-3.29632156060746,0.000979598215171872,778448,"","",C,(palier commun)
spec8,sanction_nontrade,pair_nato::intra:sanction_nontrade,-0.0990176420806799,0.0249884180468345,-3.9625414420031,7.41561297499681e-05,778448,"","",C,(palier commun)
spec8,n_common_sanctioners,pair_nato::non:n_common_sanctioners,0.0325341569108763,0.0308075259614703,1.05604575166358,0.290947312866847,778448,"","",C,(palier commun)
spec8,n_common_sanctioners,pair_nato::inter:n_common_sanctioners,0.0849019343703569,0.0143738844279745,5.90667990937235,3.4907105224841e-09,778448,"","",C,(palier commun)
spec8,n_common_sanctioners,pair_nato::intra:n_common_sanctioners,0.124003891464664,0.0178246528897361,6.95687552693205,3.47902080077059e-12,778448,"","",C,(palier commun)
spec9,ipd,pair_nato::non:ipd,0.0414420141051589,0.0530709772364687,0.780879046573902,0.434873636925958,623812,"","",C,(palier commun)
spec9,ipd,pair_nato::inter:ipd,0.0341757011730954,0.0484277558660109,0.705704829016899,0.480371717283109,623812,"","",C,(palier commun)
spec9,ipd,pair_nato::intra:ipd,0.000171012805318517,0.0663181518457095,0.00257867266440689,0.997942519173927,623812,"","",C,(palier commun)
spec9,polyarchy_dist,pair_nato::non:polyarchy_dist,-0.516477540386458,0.193716500486225,-2.6661515105327,0.00767251062744828,623812,"","",C,(palier commun)
spec9,polyarchy_dist,pair_nato::inter:polyarchy_dist,-0.102746278349479,0.175536144648277,-0.585328329702991,0.558326969512161,623812,"","",C,(palier commun)
spec9,polyarchy_dist,pair_nato::intra:polyarchy_dist,0.837185814417505,0.393775467361341,2.12604868461568,0.0334992060294474,623812,"","",C,(palier commun)
spec9,sanction_nontrade,pair_nato::non:sanction_nontrade,-0.0043527993062304,0.106387009888204,-0.0409147630975295,0.967363848052939,623812,"","",C,(palier commun)
spec9,sanction_nontrade,pair_nato::inter:sanction_nontrade,0.00122495266250584,0.0472422089398434,0.0259291995441121,0.979313810003973,623812,"","",C,(palier commun)
spec9,sanction_nontrade,pair_nato::intra:sanction_nontrade,0.107475705108797,0.0611325248258633,1.75807731506172,0.0787343550361852,623812,"","",C,(palier commun)
spec9,n_common_sanctioners,pair_nato::non:n_common_sanctioners,0.0559282507927071,0.0397564189481927,1.40677285007958,0.159494755701252,623812,"","",C,(palier commun)
spec9,n_common_sanctioners,pair_nato::inter:n_common_sanctioners,-0.000384831628632608,0.0347424942485862,-0.0110766839559387,0.991162265608284,623812,"","",C,(palier commun)
spec9,n_common_sanctioners,pair_nato::intra:n_common_sanctioners,0.0421418007459015,0.0390997058333221,1.07780352429114,0.281121446439035,623812,"","",C,(palier commun)
spec10,ipd,period::1995-2007:ipd,0.0363744860515163,0.0203509413894888,1.78736134881228,0.0738791043873554,778448,"","",C,(palier commun)
spec10,ipd,period::2008-2013:ipd,-0.00510519498440259,0.018524735667859,-0.27558800708073,0.782864522051558,778448,"","",C,(palier commun)
spec10,ipd,period::2014-2017:ipd,-0.0592331877959729,0.0186099903554008,-3.18287041877927,0.00145822859199551,778448,"","",C,(palier commun)
spec10,ipd,period::2018-2021:ipd,-0.106893872363327,0.0209624514055249,-5.09930209475184,3.40908094703992e-07,778448,"","",C,(palier commun)
spec10,ipd,period::2022-2024:ipd,-0.158078717127986,0.0289440925486055,-5.46151919817582,4.72077184570043e-08,778448,"","",C,(palier commun)
spec10,polyarchy_dist,period::1995-2007:polyarchy_dist,0.20622949453319,0.0677933661214085,3.04203060464443,0.0023498800105765,778448,"","",C,(palier commun)
spec10,polyarchy_dist,period::2008-2013:polyarchy_dist,0.148096371324209,0.0657769822439172,2.25149233473545,0.0243543718414086,778448,"","",C,(palier commun)
spec10,polyarchy_dist,period::2014-2017:polyarchy_dist,-0.011306509135154,0.0598434705651466,-0.188934716325411,0.850143983867863,778448,"","",C,(palier commun)
spec10,polyarchy_dist,period::2018-2021:polyarchy_dist,-0.143319860172272,0.0626161361294798,-2.28886464466461,0.022087218046322,778448,"","",C,(palier commun)
spec10,polyarchy_dist,period::2022-2024:polyarchy_dist,-0.299013521069029,0.0814612559151495,-3.67062252735808,0.000241960446869665,778448,"","",C,(palier commun)
spec10,sanction_nontrade,period::1995-2007:sanction_nontrade,0.0255834556784593,0.0269239068514339,0.950213348294096,0.342003857470374,778448,"","",C,(palier commun)
spec10,sanction_nontrade,period::2008-2013:sanction_nontrade,0.0583471272778073,0.0239533054680036,2.43586954442452,0.0148560412493679,778448,"","",C,(palier commun)
spec10,sanction_nontrade,period::2014-2017:sanction_nontrade,-0.0279498311980564,0.02339214886945,-1.19483812086023,0.232150283135995,778448,"","",C,(palier commun)
spec10,sanction_nontrade,period::2018-2021:sanction_nontrade,-0.144000088649044,0.0246268772198685,-5.84727358501092,4.99695293687408e-09,778448,"","",C,(palier commun)
spec10,sanction_nontrade,period::2022-2024:sanction_nontrade,-0.225669435028859,0.0431495660351571,-5.22993521754052,1.6956945036318e-07,778448,"","",C,(palier commun)
spec10,n_common_sanctioners,period::1995-2007:n_common_sanctioners,-0.00381046806112574,0.0164173359410676,-0.232100267351778,0.816460137230885,778448,"","",C,(palier commun)
spec10,n_common_sanctioners,period::2008-2013:n_common_sanctioners,-0.0232107734895126,0.0173937752931148,-1.33442988071143,0.182063012705389,778448,"","",C,(palier commun)
spec10,n_common_sanctioners,period::2014-2017:n_common_sanctioners,0.0359724128509617,0.0144672649955125,2.48646947865542,0.0129017636061063,778448,"","",C,(palier commun)
spec10,n_common_sanctioners,period::2018-2021:n_common_sanctioners,0.0826461175197634,0.0209042987994283,3.95354650795671,7.70012884532478e-05,778448,"","",C,(palier commun)
spec10,n_common_sanctioners,period::2022-2024:n_common_sanctioners,0.0998810641781356,0.0216463038505551,4.61423182764637,3.9455184127577e-06,778448,"","",C,(palier commun)
rob1,ipd,ipd,-0.0889133371744461,0.029985896388704,-2.96517189354195,0.0030251384704562,778448,"","",C,(palier commun)
rob1,ipd,I(ipd^2),0.0265317999846202,0.00851625826486043,3.11542923658093,0.00183677413474526,778448,"","",C,(palier commun)
rob1,polyarchy_dist,polyarchy_dist,-0.346148533995006,0.124465607940769,-2.78107775892383,0.00541787583453414,778448,"","",C,(palier commun)
rob1,polyarchy_dist,I(polyarchy_dist^2),0.496500204304908,0.191716308114774,2.58976510233897,0.00960414416196009,778448,"","",C,(palier commun)
rob1,sanction_nontrade,sanction_nontrade,-0.0803877356713105,0.0198847719754556,-4.04267827514118,5.28441061521213e-05,778448,I(sanction_nontrade^2),"",C,(palier commun)
rob1,n_common_sanctioners,n_common_sanctioners,0.146522609738966,0.0178627591805587,8.20268628479506,2.3507406926713e-16,778448,"","",C,(palier commun)
rob1,n_common_sanctioners,I(n_common_sanctioners^2),-0.0229827078723997,0.00705539068679457,-3.25746778494009,0.00112411017071417,778448,"","",C,(palier commun)
rob2,ipd,ipd,-0.0236314564286364,0.0219786604092787,-1.07520003442339,0.28228518003489,623023,"","",C,(palier commun)
rob2,polyarchy_dist,polyarchy_dist,-0.0201109355657074,0.0610025665109209,-0.32967359761998,0.741646605477382,623023,"","",C,(palier commun)
rob2,sanction_nontrade,sanction_nontrade,-0.0804114670738401,0.0200086530861567,-4.0188345875952,5.84867113376475e-05,623023,"","",C,(palier commun)
rob2,n_common_sanctioners,n_common_sanctioners,0.0736038113942835,0.0174569271195462,4.21630971420341,2.48332644462566e-05,623023,"","",C,(palier commun)
rob3,ipd,ipd,-0.0747804225700438,0.0256484526626585,-2.91559196781163,0.00355014457836432,612074,"","",C,(palier commun)
rob3,polyarchy_dist,polyarchy_dist,-0.0441931962094244,0.0644697841278869,-0.685486958072631,0.493036687684447,612074,"","",C,(palier commun)
rob3,sanction_nontrade,sanction_nontrade,-0.0967790031933614,0.0207559800420445,-4.66270457946676,3.12080594229263e-06,612074,"","",C,(palier commun)
rob3,n_common_sanctioners,n_common_sanctioners,0.0707965081172789,0.0179557226643237,3.9428381380575,8.05230030955436e-05,612074,"","",C,(palier commun)
rob4,ipd,ipd,0.0340174726326689,0.0181128007180344,1.87809015084005,0.0603688334723796,749816,"","",C,(palier commun)
rob4,polyarchy_dist,polyarchy_dist,-0.0985646470095097,0.0590749572906175,-1.66846751195475,0.0952229560091746,749816,"","",C,(palier commun)
rob4,sanction_nontrade,sanction_nontrade,-0.0779083456877827,0.0195761796899702,-3.97975227657412,6.89871174555198e-05,749816,"","",C,(palier commun)
rob4,n_common_sanctioners,n_common_sanctioners,0.0506343646532589,0.00981904404645681,5.15675094374694,2.51271661070839e-07,749816,"","",C,(palier commun)
